text,privacy_level
My social security number is very important,2
Please don't share my personal information,2
This contains confidential business data,2
My medical records are private,2
This is classified information,2
Banking details should be protected,2
Legal documents are confidential,2
Personal family matters stay private,2
Financial information is sensitive,2
Health records need protection,2
My social security number is very important,2
Please don't share my personal information,2
This contains confidential business data,2
My medical records are private,2
This is classified information,2
Banking details should be protected,2
Legal documents are confidential,2
Personal family matters stay private,2
Financial information is sensitive,2
Health records need protection,2
My social security number is very important,2
Please don't share my personal information,2
This contains confidential business data,2
My medical records are private,2
This is classified information,2
Banking details should be protected,2
Legal documents are confidential,2
Personal family matters stay private,2
Financial information is sensitive,2
Health records need protection,2
My social security number is very important,2
Please don't share my personal information,2
This contains confidential business data,2
My medical records are private,2
This is classified information,2
Banking details should be protected,2
Legal documents are confidential,2
Personal family matters stay private,2
Financial information is sensitive,2
Health records need protection,2
My social security number is very important,2
Please don't share my personal information,2
This contains confidential business data,2
My medical records are private,2
This is classified information,2
Banking details should be protected,2
Legal documents are confidential,2
Personal family matters stay private,2
Financial information is sensitive,2
Health records need protection,2
My social security number is very important,2
Please don't share my personal information,2
This contains confidential business data,2
My medical records are private,2
This is classified information,2
Banking details should be protected,2
Legal documents are confidential,2
Personal family matters stay private,2
Financial information is sensitive,2
Health records need protection,2
My social security number is very important,2
Please don't share my personal information,2
This contains confidential business data,2
My medical records are private,2
This is classified information,2
Banking details should be protected,2
Legal documents are confidential,2
Personal family matters stay private,2
Financial information is sensitive,2
Health records need protection,2
My social security number is very important,2
Please don't share my personal information,2
This contains confidential business data,2
My medical records are private,2
This is classified information,2
Banking details should be protected,2
Legal documents are confidential,2
Personal family matters stay private,2
Financial information is sensitive,2
Health records need protection,2
My social security number is very important,2
Please don't share my personal information,2
This contains confidential business data,2
My medical records are private,2
This is classified information,2
Banking details should be protected,2
Legal documents are confidential,2
Personal family matters stay private,2
Financial information is sensitive,2
Health records need protection,2
My social security number is very important,2
Please don't share my personal information,2
This contains confidential business data,2
My medical records are private,2
This is classified information,2
Banking details should be protected,2
Legal documents are confidential,2
Personal family matters stay private,2
Financial information is sensitive,2
Health records need protection,2
My social security number is very important,2
Please don't share my personal information,2
This contains confidential business data,2
My medical records are private,2
This is classified information,2
Banking details should be protected,2
Legal documents are confidential,2
Personal family matters stay private,2
Financial information is sensitive,2
Health records need protection,2
My social security number is very important,2
Please don't share my personal information,2
This contains confidential business data,2
My medical records are private,2
This is classified information,2
Banking details should be protected,2
Legal documents are confidential,2
Personal family matters stay private,2
Financial information is sensitive,2
Health records need protection,2
My social security number is very important,2
Please don't share my personal information,2
This contains confidential business data,2
My medical records are private,2
This is classified information,2
Banking details should be protected,2
Legal documents are confidential,2
Personal family matters stay private,2
Financial information is sensitive,2
Health records need protection,2
My social security number is very important,2
Please don't share my personal information,2
This contains confidential business data,2
My medical records are private,2
This is classified information,2
Banking details should be protected,2
Legal documents are confidential,2
Personal family matters stay private,2
Financial information is sensitive,2
Health records need protection,2
My social security number is very important,2
Please don't share my personal information,2
This contains confidential business data,2
My medical records are private,2
This is classified information,2
Banking details should be protected,2
Legal documents are confidential,2
Personal family matters stay private,2
Financial information is sensitive,2
Health records need protection,2
My social security number is very important,2
Please don't share my personal information,2
This contains confidential business data,2
My medical records are private,2
This is classified information,2
Banking details should be protected,2
Legal documents are confidential,2
Personal family matters stay private,2
Financial information is sensitive,2
Health records need protection,2
My social security number is very important,2
Please don't share my personal information,2
This contains confidential business data,2
My medical records are private,2
This is classified information,2
Banking details should be protected,2
Legal documents are confidential,2
Personal family matters stay private,2
Financial information is sensitive,2
Health records need protection,2
My social security number is very important,2
Please don't share my personal information,2
This contains confidential business data,2
My medical records are private,2
This is classified information,2
Banking details should be protected,2
Legal documents are confidential,2
Personal family matters stay private,2
Financial information is sensitive,2
Health records need protection,2
My social security number is very important,2
Please don't share my personal information,2
This contains confidential business data,2
My medical records are private,2
This is classified information,2
Banking details should be protected,2
Legal documents are confidential,2
Personal family matters stay private,2
Financial information is sensitive,2
Health records need protection,2
My social security number is very important,2
Please don't share my personal information,2
This contains confidential business data,2
My medical records are private,2
This is classified information,2
Banking details should be protected,2
Legal documents are confidential,2
Personal family matters stay private,2
Financial information is sensitive,2
Health records need protection,2
My social security number is very important,2
Please don't share my personal information,2
This contains confidential business data,2
My medical records are private,2
This is classified information,2
Banking details should be protected,2
Legal documents are confidential,2
Personal family matters stay private,2
Financial information is sensitive,2
Health records need protection,2
My social security number is very important,2
Please don't share my personal information,2
This contains confidential business data,2
My medical records are private,2
This is classified information,2
Banking details should be protected,2
Legal documents are confidential,2
Personal family matters stay private,2
Financial information is sensitive,2
Health records need protection,2
My social security number is very important,2
Please don't share my personal information,2
This contains confidential business data,2
My medical records are private,2
This is classified information,2
Banking details should be protected,2
Legal documents are confidential,2
Personal family matters stay private,2
Financial information is sensitive,2
Health records need protection,2
My social security number is very important,2
Please don't share my personal information,2
This contains confidential business data,2
My medical records are private,2
This is classified information,2
Banking details should be protected,2
Legal documents are confidential,2
Personal family matters stay private,2
Financial information is sensitive,2
Health records need protection,2
My social security number is very important,2
Please don't share my personal information,2
This contains confidential business data,2
My medical records are private,2
This is classified information,2
Banking details should be protected,2
Legal documents are confidential,2
Personal family matters stay private,2
Financial information is sensitive,2
Health records need protection,2
My social security number is very important,2
Please don't share my personal information,2
This contains confidential business data,2
My medical records are private,2
This is classified information,2
Banking details should be protected,2
Legal documents are confidential,2
Personal family matters stay private,2
Financial information is sensitive,2
Health records need protection,2
My social security number is very important,2
Please don't share my personal information,2
This contains confidential business data,2
My medical records are private,2
This is classified information,2
Banking details should be protected,2
Legal documents are confidential,2
Personal family matters stay private,2
Financial information is sensitive,2
Health records need protection,2
My social security number is very important,2
Please don't share my personal information,2
This contains confidential business data,2
My medical records are private,2
This is classified information,2
Banking details should be protected,2
Legal documents are confidential,2
Personal family matters stay private,2
Financial information is sensitive,2
Health records need protection,2
My social security number is very important,2
Please don't share my personal information,2
This contains confidential business data,2
My medical records are private,2
This is classified information,2
Banking details should be protected,2
Legal documents are confidential,2
Personal family matters stay private,2
Financial information is sensitive,2
Health records need protection,2
My social security number is very important,2
Please don't share my personal information,2
This contains confidential business data,2
My medical records are private,2
This is classified information,2
Banking details should be protected,2
Legal documents are confidential,2
Personal family matters stay private,2
Financial information is sensitive,2
Health records need protection,2
My social security number is very important,2
Please don't share my personal information,2
This contains confidential business data,2
My medical records are private,2
This is classified information,2
Banking details should be protected,2
Legal documents are confidential,2
Personal family matters stay private,2
Financial information is sensitive,2
Health records need protection,2
My social security number is very important,2
Please don't share my personal information,2
This contains confidential business data,2
My medical records are private,2
This is classified information,2
Banking details should be protected,2
Legal documents are confidential,2
Personal family matters stay private,2
Financial information is sensitive,2
Health records need protection,2
My social security number is very important,2
Please don't share my personal information,2
This contains confidential business data,2
My medical records are private,2
This is classified information,2
Banking details should be protected,2
Legal documents are confidential,2
Personal family matters stay private,2
Financial information is sensitive,2
Health records need protection,2
My social security number is very important,2
Please don't share my personal information,2
This contains confidential business data,2
My medical records are private,2
This is classified information,2
Banking details should be protected,2
Legal documents are confidential,2
Personal family matters stay private,2
Financial information is sensitive,2
Health records need protection,2
My social security number is very important,2
Please don't share my personal information,2
This contains confidential business data,2
My medical records are private,2
This is classified information,2
Banking details should be protected,2
Legal documents are confidential,2
Personal family matters stay private,2
Financial information is sensitive,2
Health records need protection,2
My social security number is very important,2
Please don't share my personal information,2
This contains confidential business data,2
My medical records are private,2
This is classified information,2
Banking details should be protected,2
Legal documents are confidential,2
Personal family matters stay private,2
Financial information is sensitive,2
Health records need protection,2
My social security number is very important,2
Please don't share my personal information,2
This contains confidential business data,2
My medical records are private,2
This is classified information,2
Banking details should be protected,2
Legal documents are confidential,2
Personal family matters stay private,2
Financial information is sensitive,2
Health records need protection,2
My social security number is very important,2
Please don't share my personal information,2
This contains confidential business data,2
My medical records are private,2
This is classified information,2
Banking details should be protected,2
Legal documents are confidential,2
Personal family matters stay private,2
Financial information is sensitive,2
Health records need protection,2
My social security number is very important,2
Please don't share my personal information,2
This contains confidential business data,2
My medical records are private,2
This is classified information,2
Banking details should be protected,2
Legal documents are confidential,2
Personal family matters stay private,2
Financial information is sensitive,2
Health records need protection,2
My social security number is very important,2
Please don't share my personal information,2
This contains confidential business data,2
My medical records are private,2
This is classified information,2
Banking details should be protected,2
Legal documents are confidential,2
Personal family matters stay private,2
Financial information is sensitive,2
Health records need protection,2
My social security number is very important,2
Please don't share my personal information,2
This contains confidential business data,2
My medical records are private,2
This is classified information,2
Banking details should be protected,2
Legal documents are confidential,2
Personal family matters stay private,2
Financial information is sensitive,2
Health records need protection,2
My social security number is very important,2
Please don't share my personal information,2
This contains confidential business data,2
My medical records are private,2
This is classified information,2
Banking details should be protected,2
Legal documents are confidential,2
Personal family matters stay private,2
Financial information is sensitive,2
Health records need protection,2
My social security number is very important,2
Please don't share my personal information,2
This contains confidential business data,2
My medical records are private,2
This is classified information,2
Banking details should be protected,2
Legal documents are confidential,2
Personal family matters stay private,2
Financial information is sensitive,2
Health records need protection,2
My social security number is very important,2
Please don't share my personal information,2
This contains confidential business data,2
My medical records are private,2
This is classified information,2
Banking details should be protected,2
Legal documents are confidential,2
Personal family matters stay private,2
Financial information is sensitive,2
Health records need protection,2
My social security number is very important,2
Please don't share my personal information,2
This contains confidential business data,2
My medical records are private,2
This is classified information,2
Banking details should be protected,2
Legal documents are confidential,2
Personal family matters stay private,2
Financial information is sensitive,2
Health records need protection,2
My social security number is very important,2
Please don't share my personal information,2
This contains confidential business data,2
My medical records are private,2
This is classified information,2
Banking details should be protected,2
Legal documents are confidential,2
Personal family matters stay private,2
Financial information is sensitive,2
Health records need protection,2
My social security number is very important,2
Please don't share my personal information,2
This contains confidential business data,2
My medical records are private,2
This is classified information,2
Banking details should be protected,2
Legal documents are confidential,2
Personal family matters stay private,2
Financial information is sensitive,2
Health records need protection,2
My social security number is very important,2
Please don't share my personal information,2
This contains confidential business data,2
My medical records are private,2
This is classified information,2
Banking details should be protected,2
Legal documents are confidential,2
Personal family matters stay private,2
Financial information is sensitive,2
Health records need protection,2
My social security number is very important,2
Please don't share my personal information,2
This contains confidential business data,2
My medical records are private,2
This is classified information,2
Banking details should be protected,2
Legal documents are confidential,2
Personal family matters stay private,2
Financial information is sensitive,2
Health records need protection,2
My social security number is very important,2
Please don't share my personal information,2
This contains confidential business data,2
My medical records are private,2
This is classified information,2
Banking details should be protected,2
Legal documents are confidential,2
Personal family matters stay private,2
Financial information is sensitive,2
Health records need protection,2
My social security number is very important,2
Please don't share my personal information,2
This contains confidential business data,2
My medical records are private,2
This is classified information,2
Banking details should be protected,2
Legal documents are confidential,2
Personal family matters stay private,2
Financial information is sensitive,2
Health records need protection,2
My social security number is very important,2
Please don't share my personal information,2
This contains confidential business data,2
My medical records are private,2
This is classified information,2
Banking details should be protected,2
Legal documents are confidential,2
Personal family matters stay private,2
Financial information is sensitive,2
Health records need protection,2
My social security number is very important,2
Please don't share my personal information,2
This contains confidential business data,2
My medical records are private,2
This is classified information,2
Banking details should be protected,2
Legal documents are confidential,2
Personal family matters stay private,2
Financial information is sensitive,2
Health records need protection,2
My social security number is very important,2
Please don't share my personal information,2
This contains confidential business data,2
My medical records are private,2
This is classified information,2
Banking details should be protected,2
Legal documents are confidential,2
Personal family matters stay private,2
Financial information is sensitive,2
Health records need protection,2
My social security number is very important,2
Please don't share my personal information,2
This contains confidential business data,2
My medical records are private,2
This is classified information,2
Banking details should be protected,2
Legal documents are confidential,2
Personal family matters stay private,2
Financial information is sensitive,2
Health records need protection,2
My social security number is very important,2
Please don't share my personal information,2
This contains confidential business data,2
My medical records are private,2
This is classified information,2
Banking details should be protected,2
Legal documents are confidential,2
Personal family matters stay private,2
Financial information is sensitive,2
Health records need protection,2
My social security number is very important,2
Please don't share my personal information,2
This contains confidential business data,2
My medical records are private,2
This is classified information,2
Banking details should be protected,2
Legal documents are confidential,2
Personal family matters stay private,2
Financial information is sensitive,2
Health records need protection,2
My social security number is very important,2
Please don't share my personal information,2
This contains confidential business data,2
My medical records are private,2
This is classified information,2
Banking details should be protected,2
Legal documents are confidential,2
Personal family matters stay private,2
Financial information is sensitive,2
Health records need protection,2
My social security number is very important,2
Please don't share my personal information,2
This contains confidential business data,2
My medical records are private,2
This is classified information,2
Banking details should be protected,2
Legal documents are confidential,2
Personal family matters stay private,2
Financial information is sensitive,2
Health records need protection,2
My social security number is very important,2
Please don't share my personal information,2
This contains confidential business data,2
My medical records are private,2
This is classified information,2
Banking details should be protected,2
Legal documents are confidential,2
Personal family matters stay private,2
Financial information is sensitive,2
Health records need protection,2
My social security number is very important,2
Please don't share my personal information,2
This contains confidential business data,2
My medical records are private,2
This is classified information,2
Banking details should be protected,2
Legal documents are confidential,2
Personal family matters stay private,2
Financial information is sensitive,2
Health records need protection,2
My social security number is very important,2
Please don't share my personal information,2
This contains confidential business data,2
My medical records are private,2
This is classified information,2
Banking details should be protected,2
Legal documents are confidential,2
Personal family matters stay private,2
Financial information is sensitive,2
Health records need protection,2
My social security number is very important,2
Please don't share my personal information,2
This contains confidential business data,2
My medical records are private,2
This is classified information,2
Banking details should be protected,2
Legal documents are confidential,2
Personal family matters stay private,2
Financial information is sensitive,2
Health records need protection,2
My social security number is very important,2
Please don't share my personal information,2
This contains confidential business data,2
My medical records are private,2
This is classified information,2
Banking details should be protected,2
Legal documents are confidential,2
Personal family matters stay private,2
Financial information is sensitive,2
Health records need protection,2
My social security number is very important,2
Please don't share my personal information,2
This contains confidential business data,2
My medical records are private,2
This is classified information,2
Banking details should be protected,2
Legal documents are confidential,2
Personal family matters stay private,2
Financial information is sensitive,2
Health records need protection,2
My social security number is very important,2
Please don't share my personal information,2
This contains confidential business data,2
My medical records are private,2
This is classified information,2
Banking details should be protected,2
Legal documents are confidential,2
Personal family matters stay private,2
Financial information is sensitive,2
Health records need protection,2
My social security number is very important,2
Please don't share my personal information,2
This contains confidential business data,2
My medical records are private,2
This is classified information,2
Banking details should be protected,2
Legal documents are confidential,2
Personal family matters stay private,2
Financial information is sensitive,2
Health records need protection,2
My social security number is very important,2
Please don't share my personal information,2
This contains confidential business data,2
My medical records are private,2
This is classified information,2
Banking details should be protected,2
Legal documents are confidential,2
Personal family matters stay private,2
Financial information is sensitive,2
Health records need protection,2
My social security number is very important,2
Please don't share my personal information,2
This contains confidential business data,2
My medical records are private,2
This is classified information,2
Banking details should be protected,2
Legal documents are confidential,2
Personal family matters stay private,2
Financial information is sensitive,2
Health records need protection,2
My social security number is very important,2
Please don't share my personal information,2
This contains confidential business data,2
My medical records are private,2
This is classified information,2
Banking details should be protected,2
Legal documents are confidential,2
Personal family matters stay private,2
Financial information is sensitive,2
Health records need protection,2
My social security number is very important,2
Please don't share my personal information,2
This contains confidential business data,2
My medical records are private,2
This is classified information,2
Banking details should be protected,2
Legal documents are confidential,2
Personal family matters stay private,2
Financial information is sensitive,2
Health records need protection,2
My social security number is very important,2
Please don't share my personal information,2
This contains confidential business data,2
My medical records are private,2
This is classified information,2
Banking details should be protected,2
Legal documents are confidential,2
Personal family matters stay private,2
Financial information is sensitive,2
Health records need protection,2
My social security number is very important,2
Please don't share my personal information,2
This contains confidential business data,2
My medical records are private,2
This is classified information,2
Banking details should be protected,2
Legal documents are confidential,2
Personal family matters stay private,2
Financial information is sensitive,2
Health records need protection,2
My social security number is very important,2
Please don't share my personal information,2
This contains confidential business data,2
My medical records are private,2
This is classified information,2
Banking details should be protected,2
Legal documents are confidential,2
Personal family matters stay private,2
Financial information is sensitive,2
Health records need protection,2
My social security number is very important,2
Please don't share my personal information,2
This contains confidential business data,2
My medical records are private,2
This is classified information,2
Banking details should be protected,2
Legal documents are confidential,2
Personal family matters stay private,2
Financial information is sensitive,2
Health records need protection,2
My social security number is very important,2
Please don't share my personal information,2
This contains confidential business data,2
My medical records are private,2
This is classified information,2
Banking details should be protected,2
Legal documents are confidential,2
Personal family matters stay private,2
Financial information is sensitive,2
Health records need protection,2
My social security number is very important,2
Please don't share my personal information,2
This contains confidential business data,2
My medical records are private,2
This is classified information,2
Banking details should be protected,2
Legal documents are confidential,2
Personal family matters stay private,2
Financial information is sensitive,2
Health records need protection,2
My social security number is very important,2
Please don't share my personal information,2
This contains confidential business data,2
My medical records are private,2
This is classified information,2
Banking details should be protected,2
Legal documents are confidential,2
Personal family matters stay private,2
Financial information is sensitive,2
Health records need protection,2
My social security number is very important,2
Please don't share my personal information,2
This contains confidential business data,2
My medical records are private,2
This is classified information,2
Banking details should be protected,2
Legal documents are confidential,2
Personal family matters stay private,2
Financial information is sensitive,2
Health records need protection,2
My social security number is very important,2
Please don't share my personal information,2
This contains confidential business data,2
My medical records are private,2
This is classified information,2
Banking details should be protected,2
Legal documents are confidential,2
Personal family matters stay private,2
Financial information is sensitive,2
Health records need protection,2
My work email address,1
Office phone number for contact,1
General business information,1
Public company data,1
Professional background details,1
Work-related discussions,1
Industry standard practices,1
General project updates,1
Team collaboration notes,1
Meeting scheduling information,1
My work email address,1
Office phone number for contact,1
General business information,1
Public company data,1
Professional background details,1
Work-related discussions,1
Industry standard practices,1
General project updates,1
Team collaboration notes,1
Meeting scheduling information,1
My work email address,1
Office phone number for contact,1
General business information,1
Public company data,1
Professional background details,1
Work-related discussions,1
Industry standard practices,1
General project updates,1
Team collaboration notes,1
Meeting scheduling information,1
My work email address,1
Office phone number for contact,1
General business information,1
Public company data,1
Professional background details,1
Work-related discussions,1
Industry standard practices,1
General project updates,1
Team collaboration notes,1
Meeting scheduling information,1
My work email address,1
Office phone number for contact,1
General business information,1
Public company data,1
Professional background details,1
Work-related discussions,1
Industry standard practices,1
General project updates,1
Team collaboration notes,1
Meeting scheduling information,1
My work email address,1
Office phone number for contact,1
General business information,1
Public company data,1
Professional background details,1
Work-related discussions,1
Industry standard practices,1
General project updates,1
Team collaboration notes,1
Meeting scheduling information,1
My work email address,1
Office phone number for contact,1
General business information,1
Public company data,1
Professional background details,1
Work-related discussions,1
Industry standard practices,1
General project updates,1
Team collaboration notes,1
Meeting scheduling information,1
My work email address,1
Office phone number for contact,1
General business information,1
Public company data,1
Professional background details,1
Work-related discussions,1
Industry standard practices,1
General project updates,1
Team collaboration notes,1
Meeting scheduling information,1
My work email address,1
Office phone number for contact,1
General business information,1
Public company data,1
Professional background details,1
Work-related discussions,1
Industry standard practices,1
General project updates,1
Team collaboration notes,1
Meeting scheduling information,1
My work email address,1
Office phone number for contact,1
General business information,1
Public company data,1
Professional background details,1
Work-related discussions,1
Industry standard practices,1
General project updates,1
Team collaboration notes,1
Meeting scheduling information,1
My work email address,1
Office phone number for contact,1
General business information,1
Public company data,1
Professional background details,1
Work-related discussions,1
Industry standard practices,1
General project updates,1
Team collaboration notes,1
Meeting scheduling information,1
My work email address,1
Office phone number for contact,1
General business information,1
Public company data,1
Professional background details,1
Work-related discussions,1
Industry standard practices,1
General project updates,1
Team collaboration notes,1
Meeting scheduling information,1
My work email address,1
Office phone number for contact,1
General business information,1
Public company data,1
Professional background details,1
Work-related discussions,1
Industry standard practices,1
General project updates,1
Team collaboration notes,1
Meeting scheduling information,1
My work email address,1
Office phone number for contact,1
General business information,1
Public company data,1
Professional background details,1
Work-related discussions,1
Industry standard practices,1
General project updates,1
Team collaboration notes,1
Meeting scheduling information,1
My work email address,1
Office phone number for contact,1
General business information,1
Public company data,1
Professional background details,1
Work-related discussions,1
Industry standard practices,1
General project updates,1
Team collaboration notes,1
Meeting scheduling information,1
My work email address,1
Office phone number for contact,1
General business information,1
Public company data,1
Professional background details,1
Work-related discussions,1
Industry standard practices,1
General project updates,1
Team collaboration notes,1
Meeting scheduling information,1
My work email address,1
Office phone number for contact,1
General business information,1
Public company data,1
Professional background details,1
Work-related discussions,1
Industry standard practices,1
General project updates,1
Team collaboration notes,1
Meeting scheduling information,1
My work email address,1
Office phone number for contact,1
General business information,1
Public company data,1
Professional background details,1
Work-related discussions,1
Industry standard practices,1
General project updates,1
Team collaboration notes,1
Meeting scheduling information,1
My work email address,1
Office phone number for contact,1
General business information,1
Public company data,1
Professional background details,1
Work-related discussions,1
Industry standard practices,1
General project updates,1
Team collaboration notes,1
Meeting scheduling information,1
My work email address,1
Office phone number for contact,1
General business information,1
Public company data,1
Professional background details,1
Work-related discussions,1
Industry standard practices,1
General project updates,1
Team collaboration notes,1
Meeting scheduling information,1
My work email address,1
Office phone number for contact,1
General business information,1
Public company data,1
Professional background details,1
Work-related discussions,1
Industry standard practices,1
General project updates,1
Team collaboration notes,1
Meeting scheduling information,1
My work email address,1
Office phone number for contact,1
General business information,1
Public company data,1
Professional background details,1
Work-related discussions,1
Industry standard practices,1
General project updates,1
Team collaboration notes,1
Meeting scheduling information,1
My work email address,1
Office phone number for contact,1
General business information,1
Public company data,1
Professional background details,1
Work-related discussions,1
Industry standard practices,1
General project updates,1
Team collaboration notes,1
Meeting scheduling information,1
My work email address,1
Office phone number for contact,1
General business information,1
Public company data,1
Professional background details,1
Work-related discussions,1
Industry standard practices,1
General project updates,1
Team collaboration notes,1
Meeting scheduling information,1
My work email address,1
Office phone number for contact,1
General business information,1
Public company data,1
Professional background details,1
Work-related discussions,1
Industry standard practices,1
General project updates,1
Team collaboration notes,1
Meeting scheduling information,1
My work email address,1
Office phone number for contact,1
General business information,1
Public company data,1
Professional background details,1
Work-related discussions,1
Industry standard practices,1
General project updates,1
Team collaboration notes,1
Meeting scheduling information,1
My work email address,1
Office phone number for contact,1
General business information,1
Public company data,1
Professional background details,1
Work-related discussions,1
Industry standard practices,1
General project updates,1
Team collaboration notes,1
Meeting scheduling information,1
My work email address,1
Office phone number for contact,1
General business information,1
Public company data,1
Professional background details,1
Work-related discussions,1
Industry standard practices,1
General project updates,1
Team collaboration notes,1
Meeting scheduling information,1
My work email address,1
Office phone number for contact,1
General business information,1
Public company data,1
Professional background details,1
Work-related discussions,1
Industry standard practices,1
General project updates,1
Team collaboration notes,1
Meeting scheduling information,1
My work email address,1
Office phone number for contact,1
General business information,1
Public company data,1
Professional background details,1
Work-related discussions,1
Industry standard practices,1
General project updates,1
Team collaboration notes,1
Meeting scheduling information,1
My work email address,1
Office phone number for contact,1
General business information,1
Public company data,1
Professional background details,1
Work-related discussions,1
Industry standard practices,1
General project updates,1
Team collaboration notes,1
Meeting scheduling information,1
My work email address,1
Office phone number for contact,1
General business information,1
Public company data,1
Professional background details,1
Work-related discussions,1
Industry standard practices,1
General project updates,1
Team collaboration notes,1
Meeting scheduling information,1
My work email address,1
Office phone number for contact,1
General business information,1
Public company data,1
Professional background details,1
Work-related discussions,1
Industry standard practices,1
General project updates,1
Team collaboration notes,1
Meeting scheduling information,1
My work email address,1
Office phone number for contact,1
General business information,1
Public company data,1
Professional background details,1
Work-related discussions,1
Industry standard practices,1
General project updates,1
Team collaboration notes,1
Meeting scheduling information,1
My work email address,1
Office phone number for contact,1
General business information,1
Public company data,1
Professional background details,1
Work-related discussions,1
Industry standard practices,1
General project updates,1
Team collaboration notes,1
Meeting scheduling information,1
My work email address,1
Office phone number for contact,1
General business information,1
Public company data,1
Professional background details,1
Work-related discussions,1
Industry standard practices,1
General project updates,1
Team collaboration notes,1
Meeting scheduling information,1
My work email address,1
Office phone number for contact,1
General business information,1
Public company data,1
Professional background details,1
Work-related discussions,1
Industry standard practices,1
General project updates,1
Team collaboration notes,1
Meeting scheduling information,1
My work email address,1
Office phone number for contact,1
General business information,1
Public company data,1
Professional background details,1
Work-related discussions,1
Industry standard practices,1
General project updates,1
Team collaboration notes,1
Meeting scheduling information,1
My work email address,1
Office phone number for contact,1
General business information,1
Public company data,1
Professional background details,1
Work-related discussions,1
Industry standard practices,1
General project updates,1
Team collaboration notes,1
Meeting scheduling information,1
My work email address,1
Office phone number for contact,1
General business information,1
Public company data,1
Professional background details,1
Work-related discussions,1
Industry standard practices,1
General project updates,1
Team collaboration notes,1
Meeting scheduling information,1
My work email address,1
Office phone number for contact,1
General business information,1
Public company data,1
Professional background details,1
Work-related discussions,1
Industry standard practices,1
General project updates,1
Team collaboration notes,1
Meeting scheduling information,1
My work email address,1
Office phone number for contact,1
General business information,1
Public company data,1
Professional background details,1
Work-related discussions,1
Industry standard practices,1
General project updates,1
Team collaboration notes,1
Meeting scheduling information,1
My work email address,1
Office phone number for contact,1
General business information,1
Public company data,1
Professional background details,1
Work-related discussions,1
Industry standard practices,1
General project updates,1
Team collaboration notes,1
Meeting scheduling information,1
My work email address,1
Office phone number for contact,1
General business information,1
Public company data,1
Professional background details,1
Work-related discussions,1
Industry standard practices,1
General project updates,1
Team collaboration notes,1
Meeting scheduling information,1
My work email address,1
Office phone number for contact,1
General business information,1
Public company data,1
Professional background details,1
Work-related discussions,1
Industry standard practices,1
General project updates,1
Team collaboration notes,1
Meeting scheduling information,1
My work email address,1
Office phone number for contact,1
General business information,1
Public company data,1
Professional background details,1
Work-related discussions,1
Industry standard practices,1
General project updates,1
Team collaboration notes,1
Meeting scheduling information,1
My work email address,1
Office phone number for contact,1
General business information,1
Public company data,1
Professional background details,1
Work-related discussions,1
Industry standard practices,1
General project updates,1
Team collaboration notes,1
Meeting scheduling information,1
My work email address,1
Office phone number for contact,1
General business information,1
Public company data,1
Professional background details,1
Work-related discussions,1
Industry standard practices,1
General project updates,1
Team collaboration notes,1
Meeting scheduling information,1
My work email address,1
Office phone number for contact,1
General business information,1
Public company data,1
Professional background details,1
Work-related discussions,1
Industry standard practices,1
General project updates,1
Team collaboration notes,1
Meeting scheduling information,1
My work email address,1
Office phone number for contact,1
General business information,1
Public company data,1
Professional background details,1
Work-related discussions,1
Industry standard practices,1
General project updates,1
Team collaboration notes,1
Meeting scheduling information,1
My work email address,1
Office phone number for contact,1
General business information,1
Public company data,1
Professional background details,1
Work-related discussions,1
Industry standard practices,1
General project updates,1
Team collaboration notes,1
Meeting scheduling information,1
My work email address,1
Office phone number for contact,1
General business information,1
Public company data,1
Professional background details,1
Work-related discussions,1
Industry standard practices,1
General project updates,1
Team collaboration notes,1
Meeting scheduling information,1
My work email address,1
Office phone number for contact,1
General business information,1
Public company data,1
Professional background details,1
Work-related discussions,1
Industry standard practices,1
General project updates,1
Team collaboration notes,1
Meeting scheduling information,1
My work email address,1
Office phone number for contact,1
General business information,1
Public company data,1
Professional background details,1
Work-related discussions,1
Industry standard practices,1
General project updates,1
Team collaboration notes,1
Meeting scheduling information,1
My work email address,1
Office phone number for contact,1
General business information,1
Public company data,1
Professional background details,1
Work-related discussions,1
Industry standard practices,1
General project updates,1
Team collaboration notes,1
Meeting scheduling information,1
My work email address,1
Office phone number for contact,1
General business information,1
Public company data,1
Professional background details,1
Work-related discussions,1
Industry standard practices,1
General project updates,1
Team collaboration notes,1
Meeting scheduling information,1
My work email address,1
Office phone number for contact,1
General business information,1
Public company data,1
Professional background details,1
Work-related discussions,1
Industry standard practices,1
General project updates,1
Team collaboration notes,1
Meeting scheduling information,1
My work email address,1
Office phone number for contact,1
General business information,1
Public company data,1
Professional background details,1
Work-related discussions,1
Industry standard practices,1
General project updates,1
Team collaboration notes,1
Meeting scheduling information,1
My work email address,1
Office phone number for contact,1
General business information,1
Public company data,1
Professional background details,1
Work-related discussions,1
Industry standard practices,1
General project updates,1
Team collaboration notes,1
Meeting scheduling information,1
My work email address,1
Office phone number for contact,1
General business information,1
Public company data,1
Professional background details,1
Work-related discussions,1
Industry standard practices,1
General project updates,1
Team collaboration notes,1
Meeting scheduling information,1
The weather forecast shows rain,0
Movie recommendations for tonight,0
General technology discussions,0
Public news and events,0
Sports scores and updates,0
Cooking recipes and tips,0
Travel recommendations,0
Book and movie reviews,0
General knowledge sharing,0
Public educational content,0
The weather forecast shows rain,0
Movie recommendations for tonight,0
General technology discussions,0
Public news and events,0
Sports scores and updates,0
Cooking recipes and tips,0
Travel recommendations,0
Book and movie reviews,0
General knowledge sharing,0
Public educational content,0
The weather forecast shows rain,0
Movie recommendations for tonight,0
General technology discussions,0
Public news and events,0
Sports scores and updates,0
Cooking recipes and tips,0
Travel recommendations,0
Book and movie reviews,0
General knowledge sharing,0
Public educational content,0
The weather forecast shows rain,0
Movie recommendations for tonight,0
General technology discussions,0
Public news and events,0
Sports scores and updates,0
Cooking recipes and tips,0
Travel recommendations,0
Book and movie reviews,0
General knowledge sharing,0
Public educational content,0
The weather forecast shows rain,0
Movie recommendations for tonight,0
General technology discussions,0
Public news and events,0
Sports scores and updates,0
Cooking recipes and tips,0
Travel recommendations,0
Book and movie reviews,0
General knowledge sharing,0
Public educational content,0
The weather forecast shows rain,0
Movie recommendations for tonight,0
General technology discussions,0
Public news and events,0
Sports scores and updates,0
Cooking recipes and tips,0
Travel recommendations,0
Book and movie reviews,0
General knowledge sharing,0
Public educational content,0
The weather forecast shows rain,0
Movie recommendations for tonight,0
General technology discussions,0
Public news and events,0
Sports scores and updates,0
Cooking recipes and tips,0
Travel recommendations,0
Book and movie reviews,0
General knowledge sharing,0
Public educational content,0
The weather forecast shows rain,0
Movie recommendations for tonight,0
General technology discussions,0
Public news and events,0
Sports scores and updates,0
Cooking recipes and tips,0
Travel recommendations,0
Book and movie reviews,0
General knowledge sharing,0
Public educational content,0
The weather forecast shows rain,0
Movie recommendations for tonight,0
General technology discussions,0
Public news and events,0
Sports scores and updates,0
Cooking recipes and tips,0
Travel recommendations,0
Book and movie reviews,0
General knowledge sharing,0
Public educational content,0
The weather forecast shows rain,0
Movie recommendations for tonight,0
General technology discussions,0
Public news and events,0
Sports scores and updates,0
Cooking recipes and tips,0
Travel recommendations,0
Book and movie reviews,0
General knowledge sharing,0
Public educational content,0
The weather forecast shows rain,0
Movie recommendations for tonight,0
General technology discussions,0
Public news and events,0
Sports scores and updates,0
Cooking recipes and tips,0
Travel recommendations,0
Book and movie reviews,0
General knowledge sharing,0
Public educational content,0
The weather forecast shows rain,0
Movie recommendations for tonight,0
General technology discussions,0
Public news and events,0
Sports scores and updates,0
Cooking recipes and tips,0
Travel recommendations,0
Book and movie reviews,0
General knowledge sharing,0
Public educational content,0
The weather forecast shows rain,0
Movie recommendations for tonight,0
General technology discussions,0
Public news and events,0
Sports scores and updates,0
Cooking recipes and tips,0
Travel recommendations,0
Book and movie reviews,0
General knowledge sharing,0
Public educational content,0
The weather forecast shows rain,0
Movie recommendations for tonight,0
General technology discussions,0
Public news and events,0
Sports scores and updates,0
Cooking recipes and tips,0
Travel recommendations,0
Book and movie reviews,0
General knowledge sharing,0
Public educational content,0
The weather forecast shows rain,0
Movie recommendations for tonight,0
General technology discussions,0
Public news and events,0
Sports scores and updates,0
Cooking recipes and tips,0
Travel recommendations,0
Book and movie reviews,0
General knowledge sharing,0
Public educational content,0
The weather forecast shows rain,0
Movie recommendations for tonight,0
General technology discussions,0
Public news and events,0
Sports scores and updates,0
Cooking recipes and tips,0
Travel recommendations,0
Book and movie reviews,0
General knowledge sharing,0
Public educational content,0
The weather forecast shows rain,0
Movie recommendations for tonight,0
General technology discussions,0
Public news and events,0
Sports scores and updates,0
Cooking recipes and tips,0
Travel recommendations,0
Book and movie reviews,0
General knowledge sharing,0
Public educational content,0
The weather forecast shows rain,0
Movie recommendations for tonight,0
General technology discussions,0
Public news and events,0
Sports scores and updates,0
Cooking recipes and tips,0
Travel recommendations,0
Book and movie reviews,0
General knowledge sharing,0
Public educational content,0
The weather forecast shows rain,0
Movie recommendations for tonight,0
General technology discussions,0
Public news and events,0
Sports scores and updates,0
Cooking recipes and tips,0
Travel recommendations,0
Book and movie reviews,0
General knowledge sharing,0
Public educational content,0
The weather forecast shows rain,0
Movie recommendations for tonight,0
General technology discussions,0
Public news and events,0
Sports scores and updates,0
Cooking recipes and tips,0
Travel recommendations,0
Book and movie reviews,0
General knowledge sharing,0
Public educational content,0
The weather forecast shows rain,0
Movie recommendations for tonight,0
General technology discussions,0
Public news and events,0
Sports scores and updates,0
Cooking recipes and tips,0
Travel recommendations,0
Book and movie reviews,0
General knowledge sharing,0
Public educational content,0
The weather forecast shows rain,0
Movie recommendations for tonight,0
General technology discussions,0
Public news and events,0
Sports scores and updates,0
Cooking recipes and tips,0
Travel recommendations,0
Book and movie reviews,0
General knowledge sharing,0
Public educational content,0
The weather forecast shows rain,0
Movie recommendations for tonight,0
General technology discussions,0
Public news and events,0
Sports scores and updates,0
Cooking recipes and tips,0
Travel recommendations,0
Book and movie reviews,0
General knowledge sharing,0
Public educational content,0
The weather forecast shows rain,0
Movie recommendations for tonight,0
General technology discussions,0
Public news and events,0
Sports scores and updates,0
Cooking recipes and tips,0
Travel recommendations,0
Book and movie reviews,0
General knowledge sharing,0
Public educational content,0
The weather forecast shows rain,0
Movie recommendations for tonight,0
General technology discussions,0
Public news and events,0
Sports scores and updates,0
Cooking recipes and tips,0
Travel recommendations,0
Book and movie reviews,0
General knowledge sharing,0
Public educational content,0
The weather forecast shows rain,0
Movie recommendations for tonight,0
General technology discussions,0
Public news and events,0
Sports scores and updates,0
Cooking recipes and tips,0
Travel recommendations,0
Book and movie reviews,0
General knowledge sharing,0
Public educational content,0
The weather forecast shows rain,0
Movie recommendations for tonight,0
General technology discussions,0
Public news and events,0
Sports scores and updates,0
Cooking recipes and tips,0
Travel recommendations,0
Book and movie reviews,0
General knowledge sharing,0
Public educational content,0
The weather forecast shows rain,0
Movie recommendations for tonight,0
General technology discussions,0
Public news and events,0
Sports scores and updates,0
Cooking recipes and tips,0
Travel recommendations,0
Book and movie reviews,0
General knowledge sharing,0
Public educational content,0
The weather forecast shows rain,0
Movie recommendations for tonight,0
General technology discussions,0
Public news and events,0
Sports scores and updates,0
Cooking recipes and tips,0
Travel recommendations,0
Book and movie reviews,0
General knowledge sharing,0
Public educational content,0
The weather forecast shows rain,0
Movie recommendations for tonight,0
General technology discussions,0
Public news and events,0
Sports scores and updates,0
Cooking recipes and tips,0
Travel recommendations,0
Book and movie reviews,0
General knowledge sharing,0
Public educational content,0
The weather forecast shows rain,0
Movie recommendations for tonight,0
General technology discussions,0
Public news and events,0
Sports scores and updates,0
Cooking recipes and tips,0
Travel recommendations,0
Book and movie reviews,0
General knowledge sharing,0
Public educational content,0
The weather forecast shows rain,0
Movie recommendations for tonight,0
General technology discussions,0
Public news and events,0
Sports scores and updates,0
Cooking recipes and tips,0
Travel recommendations,0
Book and movie reviews,0
General knowledge sharing,0
Public educational content,0
The weather forecast shows rain,0
Movie recommendations for tonight,0
General technology discussions,0
Public news and events,0
Sports scores and updates,0
Cooking recipes and tips,0
Travel recommendations,0
Book and movie reviews,0
General knowledge sharing,0
Public educational content,0
The weather forecast shows rain,0
Movie recommendations for tonight,0
General technology discussions,0
Public news and events,0
Sports scores and updates,0
Cooking recipes and tips,0
Travel recommendations,0
Book and movie reviews,0
General knowledge sharing,0
Public educational content,0
The weather forecast shows rain,0
Movie recommendations for tonight,0
General technology discussions,0
Public news and events,0
Sports scores and updates,0
Cooking recipes and tips,0
Travel recommendations,0
Book and movie reviews,0
General knowledge sharing,0
Public educational content,0
The weather forecast shows rain,0
Movie recommendations for tonight,0
General technology discussions,0
Public news and events,0
Sports scores and updates,0
Cooking recipes and tips,0
Travel recommendations,0
Book and movie reviews,0
General knowledge sharing,0
Public educational content,0
The weather forecast shows rain,0
Movie recommendations for tonight,0
General technology discussions,0
Public news and events,0
Sports scores and updates,0
Cooking recipes and tips,0
Travel recommendations,0
Book and movie reviews,0
General knowledge sharing,0
Public educational content,0
The weather forecast shows rain,0
Movie recommendations for tonight,0
General technology discussions,0
Public news and events,0
Sports scores and updates,0
Cooking recipes and tips,0
Travel recommendations,0
Book and movie reviews,0
General knowledge sharing,0
Public educational content,0
The weather forecast shows rain,0
Movie recommendations for tonight,0
General technology discussions,0
Public news and events,0
Sports scores and updates,0
Cooking recipes and tips,0
Travel recommendations,0
Book and movie reviews,0
General knowledge sharing,0
Public educational content,0
The weather forecast shows rain,0
Movie recommendations for tonight,0
General technology discussions,0
Public news and events,0
Sports scores and updates,0
Cooking recipes and tips,0
Travel recommendations,0
Book and movie reviews,0
General knowledge sharing,0
Public educational content,0
The weather forecast shows rain,0
Movie recommendations for tonight,0
General technology discussions,0
Public news and events,0
Sports scores and updates,0
Cooking recipes and tips,0
Travel recommendations,0
Book and movie reviews,0
General knowledge sharing,0
Public educational content,0
The weather forecast shows rain,0
Movie recommendations for tonight,0
General technology discussions,0
Public news and events,0
Sports scores and updates,0
Cooking recipes and tips,0
Travel recommendations,0
Book and movie reviews,0
General knowledge sharing,0
Public educational content,0
The weather forecast shows rain,0
Movie recommendations for tonight,0
General technology discussions,0
Public news and events,0
Sports scores and updates,0
Cooking recipes and tips,0
Travel recommendations,0
Book and movie reviews,0
General knowledge sharing,0
Public educational content,0
The weather forecast shows rain,0
Movie recommendations for tonight,0
General technology discussions,0
Public news and events,0
Sports scores and updates,0
Cooking recipes and tips,0
Travel recommendations,0
Book and movie reviews,0
General knowledge sharing,0
Public educational content,0
The weather forecast shows rain,0
Movie recommendations for tonight,0
General technology discussions,0
Public news and events,0
Sports scores and updates,0
Cooking recipes and tips,0
Travel recommendations,0
Book and movie reviews,0
General knowledge sharing,0
Public educational content,0
The weather forecast shows rain,0
Movie recommendations for tonight,0
General technology discussions,0
Public news and events,0
Sports scores and updates,0
Cooking recipes and tips,0
Travel recommendations,0
Book and movie reviews,0
General knowledge sharing,0
Public educational content,0
The weather forecast shows rain,0
Movie recommendations for tonight,0
General technology discussions,0
Public news and events,0
Sports scores and updates,0
Cooking recipes and tips,0
Travel recommendations,0
Book and movie reviews,0
General knowledge sharing,0
Public educational content,0
The weather forecast shows rain,0
Movie recommendations for tonight,0
General technology discussions,0
Public news and events,0
Sports scores and updates,0
Cooking recipes and tips,0
Travel recommendations,0
Book and movie reviews,0
General knowledge sharing,0
Public educational content,0
The weather forecast shows rain,0
Movie recommendations for tonight,0
General technology discussions,0
Public news and events,0
Sports scores and updates,0
Cooking recipes and tips,0
Travel recommendations,0
Book and movie reviews,0
General knowledge sharing,0
Public educational content,0
The weather forecast shows rain,0
Movie recommendations for tonight,0
General technology discussions,0
Public news and events,0
Sports scores and updates,0
Cooking recipes and tips,0
Travel recommendations,0
Book and movie reviews,0
General knowledge sharing,0
Public educational content,0
